id_test;funcionalidad;caso_de_prueba;tipo_cliente;tipo_seg;last_pdp;mensaje_last_pdp;client_statement_raw;mensaje_inicio;secuencia_mensaje;cic;dni;cel;nombre;apellidos;deuda_soles;cuenta_soles;deuda_dolares;cuenta_dolares;tipo_deuda;identidad_del_cliente;voluntad_de_pago;capacidad_pago;estilo_respuesta;actitud_comportamiento;barreras_whatssapp;frases_comunes;reglas_muy_importante;ejecutar_prueba
CP001;BUG-01;Validar que el bot o agente, tras registrar una promesa de pago o pdp por el importe total de la deuda, no continúe negociando y “registrando” más promesas de pagos.;I;PE_1;NO;;;no puedo pagar;;;;;;;1104.91;;599;;;;;;;"Consistente con lo ya registrado
Preciso con montos, fechas y moneda
Verifica antes de negociar cambios
Corrige inconsistencias y deja un único acuerdo vigente";;"Confirmo PDP total registrada por monto moneda y fecha
Si deseas parciales, primero debo ajustar o anular la PDP total y luego registrar el nuevo acuerdo
El pago será en soles, dólares o mixto, y cómo se dividirá
Resumen final de lo acordado, confirmas";"Con PDP total registrada, no registrar PDPs parciales adicionales
Si se cambia de total a parcial, primero confirmar cambio y ajustar o anular la total antes de registrar la nueva
Siempre registrar monto, moneda, fecha y tipo de acuerdo total o parcial
En bimoneda, validar moneda de deuda y de pago y tipo de cambio si aplica, sin mezclar montos sin aclaración
Al cerrar, debe quedar un solo acuerdo vigente y confirmado";1
CP001;BUG-02;Validar que el bot o agente, tras registrar una promesa de pago o pdp por el importe total de la deuda, no continúe negociando y “registrando” más promesas de pagos.;I;PE_1;NO;;;no puedo pagar;"Si
A más tardar estoy cancelando dentro de 7 días
El 10 de junio estaré pagando mi crédito
Puedo ir abonando la mitad de mi crédito?
Hoy día
Si, confirmo
Es necesario acercarme a ventanilla?
Porque por mi app no me permite
Si, me gustaría saber
Si tengo el Mondo de 800 también puedo pagar?
Hoy día
Si, confirmo
No, gracias
10";;;;;;1104.91;;;;;;;;;"Consistente con lo ya registrado
Preciso con montos, fechas y moneda
Verifica antes de negociar cambios
Corrige inconsistencias y deja un único acuerdo vigente";;"Confirmo PDP total registrada por monto moneda y fecha
Si deseas parciales, primero debo ajustar o anular la PDP total y luego registrar el nuevo acuerdo
El pago será en soles, dólares o mixto, y cómo se dividirá
Resumen final de lo acordado, confirmas";"Con PDP total registrada, no registrar PDPs parciales adicionales
Si se cambia de total a parcial, primero confirmar cambio y ajustar o anular la total antes de registrar la nueva
Siempre registrar monto, moneda, fecha y tipo de acuerdo total o parcial
En bimoneda, validar moneda de deuda y de pago y tipo de cambio si aplica, sin mezclar montos sin aclaración
Al cerrar, debe quedar un solo acuerdo vigente y confirmado";1
CP002;BUG_03;"Validar que el bot o agente,  ofrezca o brinde explícitamente opciones o alternativas de pago (pago total, pago parcial, pago en 7 días, agendar llamada con asesor, etc ) y que finalice la conversación de manera oportuna y no brusca ante un -OK- que envia el cliente. 
";I;PE_2;NO;;;no puedo pagar;"Disculpe en la actualidad eztoy pagando todos los 18 de cada mes en esta oportunidad lo pagare ezte 18 de jun
Disculpe si observa en el SISTEMA eztoy pagando los 18 de cada mes.
No tendría una repuesta clara en cuanto al límite que usted indica ya que en los 18 de cada mes recién puedo cubrirlo, porque son dias de pagos de mis haberes... Disculpe. Gracias
Este préstamo termino de pagar en Diciembre y todo el tiempo que pague en esa fecha no se me presentó ningún problema como el de hoy..
Pensé que era una línea de sol6cion ya le explique que porque ese cambio rotundo si en casi 5 años no tuve problemas .
Ok
Ok";;;;;;369.9;;;;;;;;;"Enfoque consultivo (no solo “cierre”).
Persuasivo pero no insistente/agresivo.
Claro y estructurado al presentar opciones.
Proactivo para resolver ambigüedades.
Empático ante dudas o limitaciones de pago.
Ordenado en el “cierre”: resume y confirma el siguiente paso.";;"Para ayudarte mejor, tengo estas opciones: (1) pago total hoy, (2) pago en 7 días, (3) agendar llamada con un asesor. ¿Cuál prefieres?
Cuando dices ‘OK’, ¿te refieres a pagar en 7 días o a agendar la llamada?
Perfecto, confirmemos: entonces quedamos en [opción elegida] para [fecha/hora].
¿El pago sería en soles o dólares?
¿Deseas que el pago sea total o prefieres un parcial? Indícame el monto.
Te comparto el resumen de lo acordado: … ¿está correcto?";"No ofrecer/negociar PDPs parciales si ya se registró una PDP total, sin aclarar/corregir explícitamente el registro previo.
Si el cliente responde ambiguo (“OK”, “ya”, “listo”), no cerrar: debe pedir confirmación de opción + fecha + monto + moneda.
Siempre presentar opciones de forma explícita (enumeradas) y pedir elección.
En bimoneda: validar y registrar moneda, tipo de cambio (si aplica), y evitar mezclar montos sin aclaración.
Antes de terminar: dejar acuerdo final confirmado (qué se hará, cuándo, cuánto, en qué moneda, y próximo paso).";1
