id_test;chat_id;caso_de_prueba;tipo_cliente;perfil_juez;cic;dni;cel;nombre_completo;deuda_soles;deuda_dolares;tipo_deuda;status;bot_turns;bot_latency_s_total;sim_latency_s_total;mensaje_inicio;answer_last_bot;reglas_cliente;reglas_juez;conversa;status_prueba;comentario_status_prueba;score_total;total_cumple;total_no_cumple;total_no_aplica;total_aplicables;json_juez;latencia_eval_s;status_prueba_metricas;comentario_status_prueba_metricas;score_total_metricas;m_coherencia;exp_coherencia;m_fluidez;exp_fluidez;m_cumplimiento;exp_cumplimiento;m_integridad;exp_integridad;m_claridad;exp_claridad;m_correccion;exp_correccion;json_juez_metricas;latencia_eval_s_metricas;payload;tiempo_ejecucion;secuencia_mensaje;persuasion_total_score;persuasion_total_justification;persuasion_parcial_score;persuasion_parcial_justification;motivos_no_pago_score;motivos_no_pago_justification;registro_pdp_score;registro_pdp_justification;canales_atencion_score;canales_atencion_justification;registro_nps_score;registro_nps_justification;derivacion_asesor_score;derivacion_asesor_justification;registro_cita_score;registro_cita_justification;consecuencias_no_pago_score;consecuencias_no_pago_justification;preguntas_frecuentes_score;preguntas_frecuentes_justification
CP001;353ec397-9b4b-4ca5-bcf9-129dab226d7d;Validar que el bot o agente, tras registrar una promesa de pago o pdp por el importe total de la deuda, no continúe negociando y “registrando” más promesas de pagos.;I;Intencionado;12978866;45449906;802184384;Bernarda Zapata;1104.91;599.0;Garantía Hipotecaria;OK (flujo sin user simulator);1;3.38;0.0;no puedo pagar;Mi objetivo es recordarte tus deudas pendientes para que no sigan aumentando los días de atraso. Actualmente tienes pendiente S/ 1,104.91 y $ 599.00 de tu Garantía Hipotecaria. ¿Crees posible realizar el pago total de ambos montos en estos próximos 7 días?;;;"[[""usuario"", ""no puedo pagar""], [""bot"", ""Mi objetivo es recordarte tus deudas pendientes para que no sigan aumentando los días de atraso. Actualmente tienes pendiente S/ 1,104.91 y $ 599.00 de tu Garantía Hipotecaria. ¿Crees posible realizar el pago total de ambos montos en estos próximos 7 días?""]]";FAIL;El agente no registra una promesa de pago ni detiene la negociación tras un posible acuerdo, sino que continúa intentando negociar el pago total. No cumple con el criterio principal del caso de prueba.;0.2;0;0;10;1;"{
  ""respuesta_score"": 0.2,
  ""resultado"": ""FAIL"",
  ""justificacion"": ""El agente no registra una promesa de pago ni detiene la negociación tras un posible acuerdo, sino que continúa intentando negociar el pago total. No cumple con el criterio principal del caso de prueba."",
  ""hallazgos"": [
    ""El agente sigue negociando tras preguntar por el pago total."",
    ""No se registra ninguna promesa de pago ni se detiene la negociación.""
  ]
}";3.25;WARNING;La conversación muestra que el agente está negociando una promesa de pago, pero no hay evidencia de que se haya registrado una promesa y luego se continúe negociando. Por lo tanto, el cumplimiento del caso de prueba es parcial.;0.7;0.9;La respuesta del agente es coherente con la situación de deuda presentada por el cliente.;0.85;La conversación fluye de manera natural y el agente mantiene el hilo del diálogo.;0.7;El agente aún está negociando una promesa de pago, pero no ha registrado ninguna. No se evidencia que se continúe negociando tras registrar una promesa.;0.8;La información sobre la deuda y la propuesta de pago es completa, pero falta evidencia de registro de promesa.;0.9;El mensaje del agente es claro respecto a los montos y la propuesta de pago.;0.9;No hay errores en la información ni en la redacción.;"{
  ""coherencia"": 0.9,
  ""exp_coherencia"": ""La respuesta del agente es coherente con la situación de deuda presentada por el cliente."",
  ""fluidez"": 0.85,
  ""exp_fluidez"": ""La conversación fluye de manera natural y el agente mantiene el hilo del diálogo."",
  ""cumplimiento"": 0.7,
  ""exp_cumplimiento"": ""El agente aún está negociando una promesa de pago, pero no ha registrado ninguna. No se evidencia que se continúe negociando tras registrar una promesa."",
  ""integridad"": 0.8,
  ""exp_integridad"": ""La información sobre la deuda y la propuesta de pago es completa, pero falta evidencia de registro de promesa."",
  ""claridad"": 0.9,
  ""exp_claridad"": ""El mensaje del agente es claro respecto a los montos y la propuesta de pago."",
  ""correccion"": 0.9,
  ""exp_correccion"": ""No hay errores en la información ni en la redacción."",
  ""score_total"": 0.7,
  ""resultado"": ""WARNING"",
  ""justificacion"": ""La conversación muestra que el agente está negociando una promesa de pago, pero no hay evidencia de que se haya registrado una promesa y luego se continúe negociando. Por lo tanto, el cumplimiento del caso de prueba es parcial.""
}";2.51;"{
  ""user_id"": ""12978866"",
  ""customer_data"": {
    ""user_name"": ""Bernarda Zapata"",
    ""dni"": ""45449906"",
    ""phone"": ""802184384"",
    ""cic"": ""12978866"",
    ""segments"": ""PERSONA 1-30"",
    ""classification"": ""Intencionado"",
    ""val_debt_amount_1"": 1104.91,
    ""val_currency1"": ""Soles"",
    ""account_number_1"": ""0162944634215314099"",
    ""val_debt_amount_2"": 599.0,
    ""val_currency2"": ""Dólares"",
    ""account_number_2"": ""0152744576073418222"",
    ""qty_overdue_days"": ""23"",
    ""product"": ""Garantía Hipotecaria"",
    ""last_pdp"": ""NO"",
    ""active_pkg"": ""NO"",
    ""client_statement_raw"": """",
    ""profile_quadrant"": ""A"",
    ""cod_customer_priority"": ""P5"",
    ""customer_type"": ""PERSONAS""
  }
}";00:00:16.56;;-1;No aplica para agentes no agenticos. La evaluacion principal se realiza con el juez de respuesta.;-1;No aplica para agentes no agenticos. La evaluacion principal se realiza con el juez de respuesta.;-1;No aplica para agentes no agenticos. La evaluacion principal se realiza con el juez de respuesta.;-1;No aplica para agentes no agenticos. La evaluacion principal se realiza con el juez de respuesta.;-1;No aplica para agentes no agenticos. La evaluacion principal se realiza con el juez de respuesta.;-1;No aplica para agentes no agenticos. La evaluacion principal se realiza con el juez de respuesta.;-1;No aplica para agentes no agenticos. La evaluacion principal se realiza con el juez de respuesta.;-1;No aplica para agentes no agenticos. La evaluacion principal se realiza con el juez de respuesta.;-1;No aplica para agentes no agenticos. La evaluacion principal se realiza con el juez de respuesta.;-1;No aplica para agentes no agenticos. La evaluacion principal se realiza con el juez de respuesta.
CP001;f1853abf-2a7c-4adc-8e7a-62d5dbe26ab3;Validar que el bot o agente, tras registrar una promesa de pago o pdp por el importe total de la deuda, no continúe negociando y “registrando” más promesas de pagos.;I;Intencionado;95671335;37737503;942801251;Ascensión Expósito Lerma;1104.91;0.0;Garantía Hipotecaria;OK;15;50.96;0.0;no puedo pagar;Gracias por tu calificación y tu tiempo. Te deseo un excelente día.;;;"[[""usuario"", ""no puedo pagar""], [""bot"", ""Mi objetivo es recordarte tus deudas pendientes para que no aumenten los días de atraso. Tienes una deuda vencida de S/ 1,104.91 correspondiente a tu Garantía Hipotecaria. ¿Vas a poder pagar el total en los próximos 7 días?""], [""usuario"", ""Si""], [""bot"", ""Solo falta que me confirmes la fecha exacta en que harás el pago total de S/ 1,104.91 por tu Garantía Hipotecaria. ¿En qué día dentro de los próximos 7 días harás el pago?""], [""usuario"", ""A más tardar estoy cancelando dentro de 7 días""], [""bot"", ""Gracias por avisar tu intención de pagar. ¿Podrías decirme el día exacto en que vas a hacer el pago?""], [""usuario"", ""El 10 de junio estaré pagando mi crédito""], [""bot"", ""La fecha que indicaste ya pasó, solo puedo registrar compromisos hasta el 9 de julio. ¿En qué fecha dentro de los próximos 7 días podrás hacer el pago de S/ 1,104.91 por tu Garantía Hipotecaria?""], [""usuario"", ""Puedo ir abonando la mitad de mi crédito?""], [""bot"", ""Sí es posible abonar un pago parcial, pero solo en nuestras agencias. ¿Qué monto exacto vas a pagar y en qué fecha antes del 9 de julio harías el abono?""], [""usuario"", ""Hoy día""], [""bot"", ""Solo para confirmar, ¿vas a abonar S/ 552.46 hoy mismo en una agencia BCP por tu Garantía Hipotecaria?""], [""usuario"", ""Si, confirmo""], [""bot"", ""Voy a registrar que hoy, 2 de julio, harás un pago parcial de S/ 552.46 en agencia por tu Garantía Hipotecaria. ¿Confirmas que este es el compromiso?""], [""usuario"", ""Es necesario acercarme a ventanilla?""], [""bot"", ""Si vas a pagar solo una parte del monto, sí es necesario que te acerques a una agencia BCP. Si prefieres pagar el total de tu deuda, también puedes hacerlo por Banca Móvil, web ViaBCP, Agentes o en una agencia. ¿Te confirmo tu compromiso de pago parcial para hoy?""], [""usuario"", ""Porque por mi app no me permite""], [""bot"", ""Cuando vas a pagar solo una parte del monto de tu Garantía Hipotecaria, sí debes acercarte a una agencia BCP. Si prefieres, el pago total sí puedes hacerlo por tu app, web ViaBCP, agencias o agentes. ¿Avanzamos con el compromiso de pago parcial para hoy en agencia?""], [""usuario"", ""Si, me gustaría saber""], [""bot"", ""Si quieres abonar solo una parte, debes hacerlo en agencia BCP presentando tu documento. ¿Te ayudo a registrar tu compromiso de pago parcial para hoy?""], [""usuario"", ""Si tengo el Mondo de 800 también puedo pagar?""], [""bot"", ""Sí, el pago de S/ 800 se puede hacer como abono parcial en agencia BCP. ¿Vas a pagar S/ 800 hoy mismo por tu Garantía Hipotecaria?""], [""usuario"", ""Hoy día""], [""bot"", ""Voy a registrar que hoy, 2 de julio, harás un pago parcial de S/ 800 por tu Garantía Hipotecaria en agencia BCP. ¿Me confirmas que ese es tu compromiso?""], [""usuario"", ""Si, confirmo""], [""bot"", ""He registrado tu compromiso de pago parcial de S/ 800 para hoy en agencia BCP por tu Garantía Hipotecaria. Recuerda, los pagos parciales solo se pueden hacer en agencias; el pago total también en app, web, agentes o agencia. ¿Necesitas ayuda con algo más respecto a tu deuda?""], [""usuario"", ""No, gracias""], [""bot"", ""Gracias por tu tiempo. ¿Podrías calificar la atención de hoy con un número del 0 al 10?""], [""usuario"", ""10""], [""bot"", ""Gracias por tu calificación y tu tiempo. Te deseo un excelente día.""]]";FAIL;El agente continuó negociando y registrando múltiples promesas de pago parciales después de que el usuario manifestó intención de pagar el total, en lugar de detener la negociación tras registrar una promesa por el importe total de la deuda.;0.3;0;0;10;1;"{
  ""respuesta_score"": 0.3,
  ""resultado"": ""FAIL"",
  ""justificacion"": ""El agente continuó negociando y registrando múltiples promesas de pago parciales después de que el usuario manifestó intención de pagar el total, en lugar de detener la negociación tras registrar una promesa por el importe total de la deuda."",
  ""hallazgos"": [
    ""El agente permitió y registró varias promesas de pago parciales tras la intención inicial de pago total."",
    ""No se detuvo la negociación ni el registro de compromisos tras una promesa por el importe total.""
  ]
}";2.79;FAIL;El bot no cumple el objetivo del caso de prueba, ya que sigue negociando y registrando promesas de pago parciales tras consultar por el pago total, lo que representa un incumplimiento crítico.;0.4;0.9;La conversación mantiene coherencia en el flujo de preguntas y respuestas sobre pagos parciales y totales.;0.9;El intercambio es fluido, sin interrupciones abruptas o confusiones notables.;0.4;El bot continúa negociando y registrando promesas de pago parciales después de consultar por el pago total, incumpliendo el caso de prueba.;0.8;La información sobre opciones de pago y fechas es completa, pero la integridad del proceso de registro de promesas de pago no se respeta.;0.9;Las instrucciones y explicaciones sobre cómo y dónde pagar son claras.;0.9;No hay errores de lenguaje ni de información sobre los métodos de pago.;"{
  ""coherencia"": 0.9,
  ""exp_coherencia"": ""La conversación mantiene coherencia en el flujo de preguntas y respuestas sobre pagos parciales y totales."",
  ""fluidez"": 0.9,
  ""exp_fluidez"": ""El intercambio es fluido, sin interrupciones abruptas o confusiones notables."",
  ""cumplimiento"": 0.4,
  ""exp_cumplimiento"": ""El bot continúa negociando y registrando promesas de pago parciales después de consultar por el pago total, incumpliendo el caso de prueba."",
  ""integridad"": 0.8,
  ""exp_integridad"": ""La información sobre opciones de pago y fechas es completa, pero la integridad del proceso de registro de promesas de pago no se respeta."",
  ""claridad"": 0.9,
  ""exp_claridad"": ""Las instrucciones y explicaciones sobre cómo y dónde pagar son claras."",
  ""correccion"": 0.9,
  ""exp_correccion"": ""No hay errores de lenguaje ni de información sobre los métodos de pago."",
  ""score_total"": 0.4,
  ""resultado"": ""FAIL"",
  ""justificacion"": ""El bot no cumple el objetivo del caso de prueba, ya que sigue negociando y registrando promesas de pago parciales tras consultar por el pago total, lo que representa un incumplimiento crítico.""
}";2.78;"{
  ""user_id"": ""95671335"",
  ""customer_data"": {
    ""user_name"": ""Ascensión Expósito Lerma"",
    ""dni"": ""37737503"",
    ""phone"": ""942801251"",
    ""cic"": ""95671335"",
    ""segments"": ""PERSONA 1-30"",
    ""classification"": ""Intencionado"",
    ""val_debt_amount_1"": 1104.91,
    ""val_currency1"": ""Soles"",
    ""account_number_1"": ""0160065908183731473"",
    ""val_debt_amount_2"": 0.0,
    ""val_currency2"": ""Dólares"",
    ""account_number_2"": """",
    ""qty_overdue_days"": ""76"",
    ""product"": ""Garantía Hipotecaria"",
    ""last_pdp"": ""NO"",
    ""active_pkg"": ""NO"",
    ""client_statement_raw"": """",
    ""profile_quadrant"": ""A"",
    ""cod_customer_priority"": ""P5"",
    ""customer_type"": ""PERSONAS""
  }
}";00:01:04.18;"Si
A más tardar estoy cancelando dentro de 7 días
El 10 de junio estaré pagando mi crédito
Puedo ir abonando la mitad de mi crédito?
Hoy día
Si, confirmo
Es necesario acercarme a ventanilla?
Porque por mi app no me permite
Si, me gustaría saber
Si tengo el Mondo de 800 también puedo pagar?
Hoy día
Si, confirmo
No, gracias
10";-1;No aplica para agentes no agenticos. La evaluacion principal se realiza con el juez de respuesta.;-1;No aplica para agentes no agenticos. La evaluacion principal se realiza con el juez de respuesta.;-1;No aplica para agentes no agenticos. La evaluacion principal se realiza con el juez de respuesta.;-1;No aplica para agentes no agenticos. La evaluacion principal se realiza con el juez de respuesta.;-1;No aplica para agentes no agenticos. La evaluacion principal se realiza con el juez de respuesta.;-1;No aplica para agentes no agenticos. La evaluacion principal se realiza con el juez de respuesta.;-1;No aplica para agentes no agenticos. La evaluacion principal se realiza con el juez de respuesta.;-1;No aplica para agentes no agenticos. La evaluacion principal se realiza con el juez de respuesta.;-1;No aplica para agentes no agenticos. La evaluacion principal se realiza con el juez de respuesta.;-1;No aplica para agentes no agenticos. La evaluacion principal se realiza con el juez de respuesta.
CP002;279da6c4-2530-4382-8936-ceaf03639f23;"Validar que el bot o agente,  ofrezca o brinde explícitamente opciones o alternativas de pago (pago total, pago parcial, pago en 7 días, agendar llamada con asesor, etc ) y que finalice la conversación de manera oportuna y no brusca ante un -OK- que envia el cliente. 
";I;Intencionado;37696329;91613566;382255485;Desiderio Montero Suárez;369.9;0.0;Adelanto Sueldo;OK (flujo sin user simulator);8;26.04;0.0;no puedo pagar;"Tu compromiso de pago por S/ 369.90 en tu Adelanto Sueldo quedó registrado para antes del 9 de julio. Puedes pagar el total por Banca Móvil, web ViaBCP, Agentes o Agencias; si lo harás en partes, acércate a una agencia. ¿Hay algo más en lo que pueda ayudarte hoy?";;;"[[""usuario"", ""no puedo pagar""], [""bot"", ""Mi objetivo es conversar contigo para llegar a un compromiso de pago que se adapte a tu situación. Actualmente tienes una deuda vencida de S/ 369.90 en tu Adelanto Sueldo. ¿Podrías realizar el pago total dentro de los próximos 7 días?""], [""usuario"", ""Disculpe en la actualidad eztoy pagando todos los 18 de cada mes en esta oportunidad lo pagare ezte 18 de jun""], [""bot"", ""¿Me confirmas si te refieres al 18 de junio de este año? Por favor, corrige cualquier error en la fecha para poder ayudarte mejor.""], [""usuario"", ""Disculpe si observa en el SISTEMA eztoy pagando los 18 de cada mes.""], [""bot"", ""Entiendo, gracias por comentarlo. ¿Me confirmas si realizaste algún pago reciente específicamente de tu Adelanto Sueldo?""], [""usuario"", ""No tendría una repuesta clara en cuanto al límite que usted indica ya que en los 18 de cada mes recién puedo cubrirlo, porque son dias de pagos de mis haberes... Disculpe. Gracias""], [""bot"", ""¿Te sería posible realizar el pago total dividiendo la deuda en partes y completando el monto dentro de los próximos 7 días hasta el 9 de julio? Si es posible, avísame para ayudarte a registrar esa opción.""], [""usuario"", ""Este préstamo termino de pagar en Diciembre y todo el tiempo que pague en esa fecha no se me presentó ningún problema como el de hoy..""], [""bot"", ""Gracias por tu respuesta. ¿Me confirmas si hiciste algún pago reciente de tu Adelanto Sueldo?""], [""usuario"", ""Pensé que era una línea de sol6cion ya le explique que porque ese cambio rotundo si en casi 5 años no tuve problemas .""], [""bot"", ""Entiendo que el cambio pueda parecerte brusco después de tanto tiempo. ¿Te es posible pagar en partes y completar el total de la deuda antes del 9 de julio?""], [""usuario"", ""Ok""], [""bot"", ""Para confirmar: el monto total pendiente en tu Adelanto Sueldo es S/ 369.90 y tienes hasta el 9 de julio para completar el pago. ¿Me confirmas que harás el pago total en partes antes de esa fecha?""], [""usuario"", ""Ok""], [""bot"", ""Tu compromiso de pago por S/ 369.90 en tu Adelanto Sueldo quedó registrado para antes del 9 de julio. Puedes pagar el total por Banca Móvil, web ViaBCP, Agentes o Agencias; si lo harás en partes, acércate a una agencia. ¿Hay algo más en lo que pueda ayudarte hoy?""]]";PASS;El agente ofrece opciones de pago (total y en partes), menciona canales de pago y finaliza la conversación de manera oportuna tras el 'OK' del cliente, preguntando si necesita algo más.;0.8;0;0;10;1;"{
  ""respuesta_score"": 0.8,
  ""resultado"": ""PASS"",
  ""justificacion"": ""El agente ofrece opciones de pago (total y en partes), menciona canales de pago y finaliza la conversación de manera oportuna tras el 'OK' del cliente, preguntando si necesita algo más."",
  ""hallazgos"": [
    ""Se brindan alternativas de pago: total y parcial."",
    ""Se mencionan canales de pago disponibles."",
    ""La conversación finaliza de forma adecuada tras el 'OK' del cliente.""
  ]
}";2.16;PASS;El agente cumple con el caso de prueba al ofrecer alternativas de pago y cerrar la conversación de forma oportuna, aunque podría mejorar en la variedad de opciones ofrecidas.;0.8;0.9;La conversación mantiene coherencia temática y responde a las inquietudes del cliente.;0.85;El diálogo es mayormente fluido, aunque algunas repeticiones y preguntas pudieron ser más directas.;0.8;El agente ofrece opciones de pago parcial y total, y finaliza la conversación de manera adecuada tras el 'Ok' del cliente.;0.8;Se brindan alternativas de pago y se confirma el compromiso, aunque faltó ofrecer explícitamente otras opciones como agendar llamada.;0.85;Las opciones y fechas se comunican claramente, aunque algunas preguntas pudieron ser más precisas.;0.9;"No hay errores graves de redacción o información; el lenguaje es adecuado.";"{
  ""coherencia"": 0.9,
  ""exp_coherencia"": ""La conversación mantiene coherencia temática y responde a las inquietudes del cliente."",
  ""fluidez"": 0.85,
  ""exp_fluidez"": ""El diálogo es mayormente fluido, aunque algunas repeticiones y preguntas pudieron ser más directas."",
  ""cumplimiento"": 0.8,
  ""exp_cumplimiento"": ""El agente ofrece opciones de pago parcial y total, y finaliza la conversación de manera adecuada tras el 'Ok' del cliente."",
  ""integridad"": 0.8,
  ""exp_integridad"": ""Se brindan alternativas de pago y se confirma el compromiso, aunque faltó ofrecer explícitamente otras opciones como agendar llamada."",
  ""claridad"": 0.85,
  ""exp_claridad"": ""Las opciones y fechas se comunican claramente, aunque algunas preguntas pudieron ser más precisas."",
  ""correccion"": 0.9,
  ""exp_correccion"": ""No hay errores graves de redacción o información; el lenguaje es adecuado."",
  ""score_total"": 0.8,
  ""resultado"": ""PASS"",
  ""justificacion"": ""El agente cumple con el caso de prueba al ofrecer alternativas de pago y cerrar la conversación de forma oportuna, aunque podría mejorar en la variedad de opciones ofrecidas.""
}";4.28;"{
  ""user_id"": ""37696329"",
  ""customer_data"": {
    ""user_name"": ""Desiderio Montero Suárez"",
    ""dni"": ""91613566"",
    ""phone"": ""382255485"",
    ""cic"": ""37696329"",
    ""segments"": ""PERSONA 31 - 60"",
    ""classification"": ""Intencionado"",
    ""val_debt_amount_1"": 369.9,
    ""val_currency1"": ""Soles"",
    ""account_number_1"": ""0165046115677329294"",
    ""val_debt_amount_2"": 0.0,
    ""val_currency2"": ""Dólares"",
    ""account_number_2"": """",
    ""qty_overdue_days"": ""46"",
    ""product"": ""Adelanto Sueldo"",
    ""last_pdp"": ""NO"",
    ""active_pkg"": ""NO"",
    ""client_statement_raw"": """",
    ""profile_quadrant"": ""D"",
    ""cod_customer_priority"": ""P5"",
    ""customer_type"": ""PERSONAS""
  }
}";00:00:39.18;"Disculpe en la actualidad eztoy pagando todos los 18 de cada mes en esta oportunidad lo pagare ezte 18 de jun
Disculpe si observa en el SISTEMA eztoy pagando los 18 de cada mes.
No tendría una repuesta clara en cuanto al límite que usted indica ya que en los 18 de cada mes recién puedo cubrirlo, porque son dias de pagos de mis haberes... Disculpe. Gracias
Este préstamo termino de pagar en Diciembre y todo el tiempo que pague en esa fecha no se me presentó ningún problema como el de hoy..
Pensé que era una línea de sol6cion ya le explique que porque ese cambio rotundo si en casi 5 años no tuve problemas .
Ok
Ok";-1;No aplica para agentes no agenticos. La evaluacion principal se realiza con el juez de respuesta.;-1;No aplica para agentes no agenticos. La evaluacion principal se realiza con el juez de respuesta.;-1;No aplica para agentes no agenticos. La evaluacion principal se realiza con el juez de respuesta.;-1;No aplica para agentes no agenticos. La evaluacion principal se realiza con el juez de respuesta.;-1;No aplica para agentes no agenticos. La evaluacion principal se realiza con el juez de respuesta.;-1;No aplica para agentes no agenticos. La evaluacion principal se realiza con el juez de respuesta.;-1;No aplica para agentes no agenticos. La evaluacion principal se realiza con el juez de respuesta.;-1;No aplica para agentes no agenticos. La evaluacion principal se realiza con el juez de respuesta.;-1;No aplica para agentes no agenticos. La evaluacion principal se realiza con el juez de respuesta.;-1;No aplica para agentes no agenticos. La evaluacion principal se realiza con el juez de respuesta.
